title,company,location,salary,description,experience,employment_type,schedule,working_hours,work_format,published_date,link,skills
Технолог склада со знанием и опытом работы в WMS (Илийский район),ТОО ALCOMARKET.KZ (АЛКОМАРКЕТ.КЗ),Вакансия опубликована 14 мая 2025 в Алматы,"от 330 000 до 450 000 ₸ за месяц, на руки","Уважаемые соискатели, склад находится по адресу: Илийский р/н, ул. Первомайская пром.зона 235/1В

Обязанности:

аналитика продаж, товарных запасов, урегулирование и недопущение ситуаций с недостаточным либо избыточным товарным запасом;
оперативный заказ на заканчивающийся товар с учетом анализа потребности (если данный товар уже ранее закупали), остатков и минимального количества;
обеспечение порядка в компьютерном виде: ведение Excel Базы по закрепленной товарной группе;
работа с заказами (заявки на магазины поставщикам, заявки на распределительный центр, ведение сформированного заказа до момента поступления на ТТ);
работа с поставщиками и магазинами по сформированным заказам;
работа с автоматизацией заказов (настройка параметров автозаказов по действующим и новым поставщикам сети в ERP);
знание 1С
знание ERP Астор и будет большим плюсом)
Требования:

коммуникабельность;

Excel - знание формул Сумм если и ВПР(основные), умение работать со сводными таблицам, промежуточными итогами и фильтром;

аналитические способности;

опыт работы с большой базой данных (опыт работы с алкоголем будет большим плюсом.

Условия:
Оформление согласно ТК РК
Своевременные выплаты
График работы: 5/2, 09.00-18.00
Удаленный формат работы не рассматриваем.",1–3 года,Полная занятость,График: 5/2,Рабочие часы: 8,Формат работы: на месте работодателя,14 мая 2025,https://hh.kz/vacancy/119619396,Не указано
Аналитик,ТОО МФО Credit365 Kazakhstan (Кредит 365 Казахстан),Вакансия опубликована 14 мая 2025 в Алматы,"от 1 000 000 ₸ за месяц, на руки","«CREDIT 365 Kazakhstan» — это сервис по предоставлению микрокредитов электронным способом, который не требует посещения офиса и предоставления лишних документов. Наша цель — быстро и удобно предоставлять микрокредиты онлайн на прозрачных и выгодных условиях.

Сейчас мы в поисках Аналитика. Присоединяйтесь к CREDIT 365 и становитесь важной частью большого объединения профессионалов!

Задачи:

Сбор, подготовка и предоставление данных для регулирующего органа и руководства компании.
Ежедневные внутренние отчеты для департаментов компании.
Сверка реестров поставщиков платежных сервисов и банков с данными CRM и бухгалтерии.
Разработка технического задания (ТЗ) для подразделения IT, постановка и контроль задач в JIRA в целях оптимизации бизнес-процессов компании.

Что для нас важно:

Знание Exсel на очень высоком уровне (ВПР, сводные таблицы и пр.).
Знание SQL будет плюсом.
Опыт работы в сфере МФО/банков будет плюсом.

Что мы предлагаем:

- Конкурентоспособную заработную плату
- Современный офис с удобным расположением, комнатой отдыха с массажным креслом, кофемашиной и зоной для отдыха (печеньки, кофе всегда под рукой)
- Помощь и поддержка со стороны HR
- Обучение и наставничество от опытных специалистов
- Карьерный рост — у нас все операционные руководители выросли из наших линейных сотрудников!
- Уникальная возможность развиваться в нашей Академии, где ты прокачаешь свои профессиональные навыки
- График 5/2 с 09:00 до 18:00",3–6 лет,Полная занятость,График: 5/2,Рабочие часы: 8,Формат работы: на месте работодателя,14 мая 2025,https://hh.kz/vacancy/120391544,Не указано
Финансовый аналитик,ТОО КФК Medservice Plus,Вакансия опубликована 14 мая 2025 в Алматы,"от 400 000 до 450 000 ₸ за месяц, на руки","Просьба внимательно ознакомиться с вакансией и только потом откликаться!

Заранее благодарю!

Основные обязанности:

Работа с БВУ, открытие кредитных линий , выпуск банковских гарантий, получение займа в БВУ;
Составление Бизнес плана, ТЭО, Финансовое моделирование;
Оценка эффективности инвестиционных проектов по мере необходимости;
Анализ внутренних отчетов(продвинутый EXCEL);
Место Декретное.

Условия труда

5-ти дневная рабочая неделя

с 8:00-17:00, официальное трудоустройство.

Имеется развозка с работы на работу.",1–3 года,Полная занятость,График: 5/2,Рабочие часы: 8,Формат работы: на месте работодателя,14 мая 2025,https://hh.kz/vacancy/120522923,Не указано
Бухгалтер - операционист,ТОО Центр Правильного Сна,Вакансия опубликована 14 мая 2025 в Алматы,"до 350 000 ₸ за месяц, на руки","Обязанности:
Организация и ведение бухгалтерского учета компании на участке
ТМЦ
Поступления
Импорт
Реализация
Требования:

Высшее (экономическое/финансовое) образование;

Опыт работы не менее от 3 до 6 лет;

Знание 1С Бухгалтерии 8,2; 8,3; Знание проводок

MS Office, Excel

Внимательность, стрессоустойчивость, не конфликтность, умение работать в команде, способность к аналитике данных

Условия:

Официальное трудоустройство по ТК РК

График работы: 5/2, с 8:00 до 17:00;

Развозка с нижней части города (Грес, Байсерке)",1–3 года,Полная занятость,График: 5/2,Рабочие часы: 8,Формат работы: на месте работодателя,14 мая 2025,https://hh.kz/vacancy/120524255,Не указано
"Senior Back-end Developer (PHP, Symfony)",Tando Financial a.s.,Вакансия опубликована 14 мая 2025 в Актобе,Не указано,"Our company is part of a large Fintech holding, a leader in lending, debt collection, and marketing in the Czech Republic, Ukraine, Spain, and Romania. We are seeking an experienced Senior PHP Software Developer to create innovative services that meet high standards of quality and reliability. Operating under a Czech National Bank license, we have provided international market services for over 10 years.

Key Requirements

5+ years of software development experience, with a focus on PHP and modern ecosystem technologies.
Symfony: Expertise in building and maintaining complex applications.
Architectural Solutions: Design and development of sophisticated systems using SOLID principles and modern architectural patterns.
Databases: Proficiency with relational (MySQL, PostgreSQL) and non-relational databases; query optimization and data structure design.
Queues (RabbitMQ, Kafka, etc.): Configuration and optimization.
REST API & Microservices: Development and integration of APIs for frontend interfaces and external systems.

Core Skills & Knowledge

SOLID, OOP: Deep understanding and practical application.
Design Patterns: Mastery of architectural patterns to enhance efficiency and system resilience.
REST API & Integrations: API development and integration with internal/external services.
Testing: Experience writing unit and integration tests.
Agile: Familiarity with Scrum or Kanban methodologies.

Skills & Tech Stack PHP 8.1*, Symfony 6*, architectural design, SOLID, databases (MySQL, PostgreSQL), queues (RabbitMQ, Kafka), REST API, microservices, OOP, design patterns, testing (unit, integration), Agile, Scrum, Kanban, Vue.js 3, TypeScript, Redis, APM, CI/CD, DevOps, Laravel, Yii

Will be a plus

Practical experience with Vue.js for UI development.
TypeScript knowledge and implementation.
Familiarity with Redis or other caching systems.
Experience with APM tools and logging for production performance monitoring.
CI/CD & DevOps: Automation of deployment processes and DevOps practices.
Skills in Laravel/Yii frameworks, plus optimization of legacy services.

Personal Qualities

Proactivity and ability to work independently.
Commitment to code quality, readability, and maintainability.
Adaptability to a fast-paced, dynamic environment with accountability for deliverables.

We Offer

A role in an international Fintech company with growth opportunities.
Modern tools and influence over architectural decisions.
Professional development support.
Competitive salary (discussed during the interview, based on qualifications).

Ready to join? Send your CV, and let’s explore the possibilities!",более 6 лет,Полная занятость,График: 5/2,Рабочие часы: 8,Формат работы: удалённо,14 мая 2025,https://hh.kz/vacancy/120523506,"PHP,Symfony,Redis,RabbitMQ,Микросервисная архитектура,SOLID,ООП,DDD,Русский — C2 — В совершенстве,Английский — B1 — Средний"
AI Tech Specialist,Tando Financial a.s.,Вакансия опубликована 14 мая 2025 в Астане,Не указано,"We are an international fintech group pushing the industry forward in the Czech Republic, Ukraine, Spain, and Romania. We operate under a license from the Czech National Bank and build products that handle millions of transactions.

We are not a corporation where you can spend a year refactoring a single service. Here, everything is fast, dynamic, and to the point — and we are looking for those who want to build, influence, and grow with us.

We are looking for a self-organized specialist who will help integrate modern AI solutions into our products and processes. You will not just «plug in» APIs, but design the architecture of intelligent solutions that truly enhance customer experience and improve business performance.

What you will be doing:

Integration of voice assistants, AI chats, speech and image recognition systems;
Setting up and refining solutions based on OpenAI, Google AI, and other platforms;
Collaborating with development, marketing, and customer service teams to understand where and how AI can have the greatest impact;
Working with APIs, data streams, and microservice architectures;
Testing, refining, and scaling solutions.

Requirements:

Solid experience integrating external services and APIs;
Ability to work with AI platforms (OpenAI, Google Cloud AI, ElevenLabs, etc.);
Skills in configuring and training AI models to meet business needs;
Experience with Node.js / Python — at least one of them;
English at a B1 level (able to read documentation and correspond with support teams);
Interest in fintech and a desire to create functional, valuable solutions — not just «toys.»

Would be a plus:

Experience implementing voice interfaces (such as Twilio, Dialogflow, Whisper);
Experience working with and setting up processes in n8n or similar technologies;
Understanding of basic ML / NLP principles (without being overly technical, but not afraid of it);
Experience building high-load systems.

We offer:

The opportunity to influence products, not just «complete tasks»;
Flexible schedule, remote work, minimal bureaucracy;
A sensible team, fast decision-making cycles, and dynamic projects;
Real fintech workload — dealing with loans, money, and serious responsibility.",3–6 лет,Полная занятость,График: 5/2,Рабочие часы: 8,Формат работы: удалённо,14 мая 2025,https://hh.kz/vacancy/120528866,"AI/ML,OpenAI,AI chats,Node.js,Python,Русский — C2 — В совершенстве,Английский — B1 — Средний"
DevOps Engineer,АО Банк ЦентрКредит,Вакансия опубликована 14 мая 2025 в Алматы,Не указано,"ИЩЕМ DEVOPS ENGINEER ОТ УРОВНЯ STRONG JUNIOR ДО SENIOR.

ВАМ ПРЕДСТОИТ:

Разрабатывать/развивать шаблонизированные pipeline с учетом лучших практик;
Разрабатывать/развивать/сопровождать базовые helm чартов для применения командами (Kafka, Rabbit, Postgres, Camunda, ELK и многое другое);
Создавать/развивать библиотеки базовых образов Docker контейнеров;
Автоматизировать инфраструктурные задачи.

МЫ ОЖИДАЕМ, ЧТО У ВАС ЕСТЬ:

Опыт работы на должности DevOps Engineer не менее 1 года;

Опыт работы с Kubernetes (RKE\Openshift);

Базовые знания Terraform, Ansible, Helm (IaaC);

Опыт работы с Gitlab, Nexus, ArgoCD, Vault;

Опыт работы с брокерами сообщений (Rabbit MQ, Kafka);

Базовые знания СУБД (PosgreSQL, MongoDB);

Опыт работы с системами мониторинга и логирования (ELK, Grafana, Graylog, Prometheus, Zabbix, и т.д.);

Знание и понимание работы сетевой модели OSI и основных протоколов;

Опыт работы с системами виртуализации (VmWare);

Знание ОС Linux на уровне администратора;

Знание языков программирования и опыт работы разработчиком будет большим плюсом.",1–3 года,Полная занятость,График: 5/2,Рабочие часы: 8,Формат работы: удалённо,14 мая 2025,https://hh.kz/vacancy/120521918,"Docker,Gitlab,MongoDB,Kubernetes,PostgreSQL"
Маркетинговый аналитик (Додо Пицца Турция),"DODO BRANDS (Dodo Pizza, Drinkit)",Вакансия опубликована 14 мая 2025 в Алматы,Не указано,"Мы, Dodo Brands, уже 14 лет создаём и развиваем технологичные бренды в сфере быстрого питания через франчайзинг. Вы точно знаете Додо Пиццу, а ещё мы развиваем кофейни Дринкит.

И мы всегда в поисках неравнодушных людей — профессионалов-энтузиастов, которым важно то, что они делают. Тех, кто смело действует, поддерживает команду и открыт к новым идеям, чтобы вместе создавать крутые решения и делать опыт клиентов лучше.

Мы в поиске маркетолога в команду развития Додо Пиццы в Турции. Вам предстоит заниматься блоком работы с агрегаторами доставки — от запуска кампаний до аналитики и принятия решений по дальнейшей работе.



Чем предстоит заниматься:

Реализация и участие в разработке маркетинговой стратегии в канале агрегаторов;

Запуск кампаний и промо-механик внутри агрегаторов: ценовые промо, ко-брендинговые проекты, CPC кампании;

Аналитика ROI запущенных промо, клиентская и продуктовая аналитика, построение гипотез;

Проведение A/B тестирований;

Тесная работа с командами агрегаторов: ведение переговоров, согласование совместных запусков, обсуждение будущих кампаний и пр.

​​​​​​

Что мы от вас ожидаем:

Знание турецкого на хорошем уровне (для общения с носителями языка);

Знание русского и английского на уровне Upper-Intermediate и выше;

Сильные аналитические скиллы: умение работать с большими базами данных и Excel таблицами;

Умение вести переговоры и эффективную коммуникацию с ключевыми стейкхолдерами - командами агрегаторов и франчайзи;

Базовое понимание ключевых направлений маркетинга внутри канала агрегаторов: продукт, категории меню, рекламные и промо механики, cpc-кампании и пр.;

Умение проводить A/B тесты и сравнивать эффективность вариантов с учетом влияния разных факторов;

Географическое нахождение в Турции (Измир или Анталья) будут преимуществом, но готовы рассматривать дистанционный формат с командировками.


Мы предлагаем:

Работу в глобальной компании с амбициозными целями и масштабными задачами (планируем кратный рост пиццерий к 2027);

Культуру свободы и ответственности. Мы ценим тех, кто готов принимать решения и брать за них ответственность;

Прозрачные условия. Конкурентная зарплата, возможности роста и развития.",1–3 года,Полная занятость,График: 5/2,Рабочие часы: 8,Формат работы: удалённо,14 мая 2025,https://hh.kz/vacancy/120513318,"Маркетинговый анализ,Маркетинговая стратегия,Маркетинговые исследования,A/B тесты,Проведение промо акций,Английский язык,Турецкий,Аналитическое мышление,Работа с агрегаторами,Английский — B2 — Средне-продвинутый,Турецкий — C1 — Продвинутый,Русский — B2 — Средне-продвинутый"
Менеджер поддержки продаж,ТОО Маревен Фуд Тянь-Шань,Вакансия опубликована 14 мая 2025 в Алматы,Не указано,"Ключевые задачи:

Подготовка аналитической отчётности:

Разработка и актуализация форм аналитической и статистической отчётности;
Осуществление план-факторного анализа выполнения плановых показателей в натуральном и денежном выражениях в разрезах продуктового классификатора по странам, федеральным округам, регионам и клиентам, выявление рисков и возможностей, оперативное информирование руководства по текущему состоянию в продажах;
Поддержка ежемесячной отчётности, соблюдение стандартов, обеспечение корректности данных и своевременности предоставления;
Подготовка отчётности за период по выполнению операционного плана и планов разных уровней;
Подготовка отчётности по внешним источникам в формате таблиц, презентаций и иного;
Разработка автоматизированных решений для минимизации затрат на подготовку, перевод отчётности на альтернативную платформу BI;
Подготовка оперативной аналитической отчетности по запросам руководства или смежных подразделений Организации.

Дополнительные задачи:

Ежедневные и ежемесячные отчеты по анализу и аналитике планирования, точности прогнозирования SI/SO/Остатков/Пенетрации/АКБ;
Подготовка сплитов по продажам (по запросу руководителя);
Анализ стоков и выполнения ОПП (ежедневный);
Аналитика АКБ, продаж для структуры ОПП;
Ежедневная коммуникация со структурой торговой команды.

Подготовка отчета по KPI Бонусам (еженедельно/ежемесячно).

Требования:

Опыт работы в сфере продаж и аналитики;

Уверенный опыт работы с большим объемом данных;

Опыт работы в аналитической должности (желательно в FMCG или смежных отраслях);

Владение Excel (продвинутый уровень), PowerPoint, BI-системами (Power BI, Tableau и др.);

Умение структурировать информацию, выявлять закономерности и делать выводы на основе данных;

Внимательность к деталям, высокая степень ответственности, умение работать в сжатые сроки.

Что мы предлагаем:

Работу в современной международной FMCG компании, лидере в своем сегменте;
После испытательного срока - добровольное медицинское страхование
Оплату питания;
Открытые карьерные перспективы, возможность самореализации.",1–3 года,Полная занятость,График: 5/2,Рабочие часы: 8,Формат работы: на месте работодателя,14 мая 2025,https://hh.kz/vacancy/120533091,MS Excel
Главный специалист аудиторской группы,ТОО НАК «Центраудит-Казахстан»,Вакансия опубликована 14 мая 2025 в Алматы,Не указано,"Уважаемый соискатель!

Мы ищем опытного, профессионального аудитора для долгосрочного сотрудничества.

Что мы готовы предоставить:

Конкурентную заработную плату (размер зависит от опыта, знаний, навыков и наличия сертификатов).
Профессиональное развитие. ОБУЧЕНИЕ за счет компании;
Разносторонний опыт в сфере аудита финансовой, налоговой отчетности в команде высококвалифицированных профессионалов;
Реальную возможность карьерного роста;
Оформление по ТК РК;
Современный комфортный офис в ПФЦ ""Нурлы Тау"";

Что придется делать:

Проводить аудиторские проверки финансовой отчетности клиентов, оценивать ее достоверность;
Осуществлять внутренний и внешний контроль законности совершаемых финансовых операций, соответствия данных операций законодательству и соблюдение установленного порядка налогообложения;
Разрабатывать проекты различных внутренних документов, формировать и направлять ответы на письма клиентов и иных организаций по вопросам хозяйственной и финансовой деятельности, бухгалтерской отчетности, проблемам налогообложения и другим вопросам, входящим в компетенцию аудитора.

Мы ждем от кандидата:

Готовность к командировкам по РК;
Высшее профессиональное образование, желательна дополнительная специальная подготовка в сфере аудита (дипломом ДипИФР, квалификационное свидетельство «аудитор», CIPA, АССА «Professional», АССА «Fundamentals», АССА «Knowledge»)
Опыт работы в аудиторской компании не менее 5 лет;
Уверенные знания МСФО и налогового законодательства;
Наличие развитых навыков деловой коммуникации;
Аналитическое мышление.
Знание MS Office (Word, Excel)
Умение работать с 1С
Навыки работы в команде; умение организовать и контролировать работу других работников, вести переговоры, презентовать результаты труда.

Если описанное выше о Вас - откликайтесь на вакансию!

Ваше резюме будет рассмотрено очень быстро!",3–6 лет,Полная занятость,График: 5/2,Рабочие часы: 8,Формат работы: на месте работодателя,14 мая 2025,https://hh.kz/vacancy/120534499,"Аналитическое мышление,Финансовая отчетность,Финансовый анализ,Аудит,Внешний аудит,1С,Бухгалтерский учет,Налоговый аудит"
Бухгалтер на первичную документацию,ТОО Астана Медикал Продукт,Вакансия опубликована 14 мая 2025 в Алматы,Не указано,"Обязанности:
Ведение бухгалтерского и Налогового учета в соответствии с требованиями Законодательства Республики Казахстан;
- Ведение кадрового учета (прием, увольнение, перемещение и т.д.)
- Подготовка и сдача в головной офис ежемесячной, квартальной, годовой финансовой отчетности
- Ведение бухгалтерского учета по программе 1С: Бухгалтерия;
- Расчет заработной платы работникам, а также работникам;
- Прием, анализ и контроль табелей учета рабочего времени;
- Расчет больничных листов, отпусков, командировочных, компенсаций при увольнении;
- Ведение бухгалтерского учета имущества, обязательств и хозяйственных операций (учет основных средств, товарно-материальных ценностей, затрат на производство услуг, результатов хозяйственно-финансовой деятельности; расчеты с поставщиками и заказчиками за предоставленные услуги, учет и анализ дебиторской и кредиторской задолженностей, сверка расчетов с поставщиками и т.п.);
- Прием и контроль первичной документации по соответствующим участкам бухгалтерского учета, отражение на счетах бухгалтерского учета операций, связанных с движением основных средств, товарно-материальных ценностей и денежных средств;
- Подготовка платежных поручений и отправка их в банк по системе «банк-клиент»;
- Ведение кассовых операций и расчетов с подотчетными лицами (авансовые отчеты, приходно-расходные документы);
- Подготовка и сдача налоговой и статистической отчетности;
форма 338 и импорт ЕАЭС.
Требования:
Хорошие коммуникативные навыки;
Способность принимать решения, видеть взаимосвязи между процессами и оценивать риски;
Стрессоустойчивость, многозадачность;
Высокие аналитические способности;
Опытный пользователь персонального компьютера (Excel, Power Point; базы данных, 1С бухгалтерия
Ответственность.
Условия:
Место работы: г. Астана, ул. Достык 5/1, ВП 107.
График работы 5/2, с 09:00 до 17:45.
Стабильная заработная плата,
Оформление в соответствии с ТК РК.",3–6 лет,Полная занятость,График: 5/2,Рабочие часы: 8,Формат работы: на месте работодателя,14 мая 2025,https://hh.kz/vacancy/119608986,"1С: Бухгалтерия,Управление бухгалтерией,Налоговая отчетность,Расчет затрат,Авансовые отчеты,Расчет заработной платы,Налоговые декларации,Финансовый контроль,Отчетность в ФНС,Учет ТМЦ,Акты сверок,Первичная документация,Бухгалтерская отчетность,1С: Предприятие 8,Платежные поручения,Финансовый анализ,Первичная бухгалтерская документация"
Data Forecast Analyst,"Международный Аэропорт Алматы, АО",Вакансия опубликована 14 мая 2025 в Алматы,Не указано,"Background

Established in 1935, the airport initially operated under the Kazakh Civil Aviation Department until 1990; subsequently, on April 26, 1991, it underwent a reorganization, being officially renamed ""Alma-Ata Airport."" The pivotal transformation occurred in 1994 when it evolved into OJSC ""Almaty Airport,"" a transition that culminated in its current legal successor, JSC ""Almaty International Airport.""

Marking a significant milestone in 2020, Almaty International Airport has become a part of the TAV Airports. TAV Airports is a success story in the aviation industry, written with know-how, experience and creativity.

TAV Airports provides integrated services in all areas of airport operations, with a global footprint at 90 airports in 29 countries. The company operates 15 airports in eight countries –Turkey, Macedonia, Georgia, Kazakhstan, Tunisia, Latvia, Saudi Arabia and Croatia. A member of Groupe ADP, TAV Airports is part of the leading airport management platform globally.

In pursuit of our aim to emerge as an innovative and leading company in airport operations within various regions, including Europe, Russia and the CIS, the Middle East, Africa, and India, we are committed to delivering excellence in service and operational efficiency.

Our mission is to generate optimum value for all stakeholders involved in airport operations by implementing a customer-centric approach to airport management.

Job Summary:

Almaty International Airport is seeking a highly motivated and detail-oriented Data Forecast Analyst to join our Aviation Marketing & Sales team. The successful candidate will be responsible for collecting, analyzing, and forecasting data related to all airport operations. This role plays a key part in supporting strategic decision-making and operational planning through accurate data analysis and forecasting models.

Key Responsibilities:

Collect, structure, and analyze aviation-related operational data, including fuel usage, cargo flow, and ground handling volumes.
Develop and maintain forecasting models to predict short-term and long-term work volumes.
Support the Aviation Marketing & Sales team with market trend analysis and performance reports.
Provide data-driven insights to support pricing, capacity planning, and service optimization.
Collaborate with internal departments and external stakeholders to gather necessary data and validate forecasts.
Prepare regular and ad-hoc analytical reports and presentations for management.
Ensure data integrity, consistency, and accuracy in all forecasting processes.
Monitor and evaluate the effectiveness of forecasting tools and make recommendations for improvements.

Qualifications & Requirements:

Proven experience in the aviation industry is mandatory.
Bachelor’s degree in Economics, Statistics, Data Science, Aviation Management, or a related field.
Strong analytical and quantitative skills with attention to detail.
Proficiency in data analysis tools (e.g., MS Excel, Power BI, SQL, or other BI tools).
Solid understanding of forecasting techniques and data modeling.
Excellent written and verbal communication skills.
Ability to work independently and as part of a team in a fast-paced environment.
Fluent in Kazakh and/or Russian; English proficiency is an asset.

What do we offer:

Employment in accordance with the Labor Code of the Republic of Kazakhstan
Office location - Almaty International Airport (2/1, Maylin street)
Work schedule 5 days per week, working hours from 8.00 to 17.00 (lunch break from 12.00 to 13.00)
Free lunches
Annual paid leave of 24 calendar days (+1 day for birthday)
Annual bonuses on performance results
Medical Insurance after Probation period
Shuttle bus (12 routes)
Corporate events, various membership offers & discounts
Trainings, e-Learning Academy, and other online/offline platforms
Trade Union benefits",1–3 года,Полная занятость,График: 5/2,Рабочие часы: 8,Формат работы: на месте работодателя,14 мая 2025,https://hh.kz/vacancy/120528839,Не указано
Data Scientist,ТОО Butterfly Effect,Вакансия опубликована 14 мая 2025 в Астане,Не указано,"IT-компания 7Generation GROUP ищет сотрудника, который готов стать частью дружной команды.

Обязанности:

Работа с сырыми/обработанными телеком. данными, веб-траффиком;
Exploratory Data Analysis;
Профилированием пользователей;
Кластеризацией динамических текстовых, табулярных и графовых данных;
Написание ML/DL Классификаторов.
Требования:
Знание и понимание технологии Data Science, в том числе ML и DL;
Знание основ алгоритмов и структуры данных;
Уверенное владение Python (numpy, pandas, pytorch, scikit-learn, networkx);
Уверенное владение SQL и опыт работы с базами данных PostgreSQL, ClickHouse, NoSQL БД;
Опыт работы с Linux.

Будет плюсом: Знание Golang, R, Scala, Julia, Java.

Условия:

Английский и Казахский языки: бесплатно и удобно, прямо внутри компании;
Заботимся о форме и здоровье: компенсируем фитнес и медицинские услуги;
Мы за активный отдых: футбол, баскетбол, яркие летний и зимний корпоративы;
Корпоративная библиотека для поиска идей и решения рабочих задач;
Настольный теннис в офисе для коротких перерывов и заряда энергией.",более 6 лет,Полная занятость,График: 5/2,Рабочие часы: 8,Не указано,14 мая 2025,https://hh.kz/vacancy/120518384,Не указано
Координатор отдела по развитию дистрибуции,ТОО Carlsberg Kazakhstan,Вакансия опубликована 14 мая 2025 в Алматы,Не указано,"С 1 января 2026 года Carlsberg становится официальным боттлером безалкогольных напитков PepsiCo в регионе.

Присоединяйся к масштабному проекту и участвуй в запуске нового производственного направления мирового уровня!

Обязанности:

Документооборот и административная поддержка:

Ведение договоров, коммерческих предложений и служебных записок;

Контроль сроков согласования и подписания документов;

Взаимодействие с бухгалтерией по вопросам оплат, компенсаций, авансовых отчетов;

Организация встреч, мероприятий и ведение протоколов для отдела RTM.

Аналитика и отчётность:

Ведение и обновление баз данных по торговым точкам, дистрибьюторам и ключевым партнерам;

Подготовка отчетов, презентаций и других материалов для руководства;

Контроль выполнения задач и проектов, отслеживание дедлайнов, подготовка статусов.

Коммуникации и координация:

Взаимодействие с региональными командами, дистрибьюторами и внешними партнерами;

Координация внутренних и внешних процессов, сопровождение проектов RTM;

Замещение специалиста отдела на время отпуска.

Требования:

Высшее образование (маркетинг, экономика, менеджмент);
Опыт работы от 1 года в маркетинге или продажах в сегменте FMCG;

Уверенное владение Excel (сводные таблицы, фильтры, базовая аналитика);

Навыки подготовки презентаций и аналитических отчетов;

Опыт работы с большим объемом данных и документооборотом;

Английский язык — не ниже уровня Intermediate (деловая переписка, чтение документов);

Внимательность, организованность, умение работать в режиме многозадачности.",1–3 года,"Полная занятость
Возможно временное оформление",График: 5/2,Рабочие часы: 8,Не указано,14 мая 2025,https://hh.kz/vacancy/120529612,Не указано
DevOps Engineer - CNP Processing GmbH (E-Commerce),CNP Processing GmbH,Вакансия опубликована 14 мая 2025 в Алматы,Не указано,"Присоединяйтесь к лидеру в сфере E-commerce в Казахстане — CNP Processing GmbH!

Мы, швейцарская компания, занимающаяся онлайн-платежами, уже более 15 лет остаемся ведущим игроком на рынке Казахстана, с оборотом 1,5 млрд долларов в прошлом году. Сейчас мы ищем опытного и технически подкованного DevOps инженера, готового стать частью нашей команды и развивать передовые решения в области онлайн-платежей.

Почему стоит работать с нами?

•⁠ ⁠Карьерный рост и развитие: реализуйте свой потенциал в сфере инновационных онлайн-платежей.
•⁠ ⁠Ответственные и интересные задачи: занимайтесь решением технически сложных проблем, поддерживая бесперебойную работу наших систем.
•⁠ ⁠Доступ к передовым технологиям: работайте с новейшими инструментами и технологиями, которые открывают возможности для профессионального роста.
•⁠ ⁠Поддерживающая корпоративная культура: мы ценим каждый вклад и стремимся к гармонии внутри коллектива, создавая атмосферу для вашего личного и профессионального развития.
•⁠ ⁠Конкурентоспособные условия труда: мы предлагаем стабильную заработную плату, социальные и пенсионные отчисления, а также возможность получить долю в акциях компании.


Ваши обязанности:
⁠ ⁠Разработка и поддержка инфраструктуры на базе AWS с использованием Terraform и Ansible.
Управление жизненным циклом контейнеров с помощью Kubernetes и Helm.
⁠Настройка и оптимизация CI/CD пайплайнов в GitLab CI/CD.
Работа с базами данных PostgreSQL и Redis, включая их оптимизацию и обеспечение высокой доступности.
⁠Проектирование и поддержка сетевой инфраструктуры (VPC, подсети, маршрутизация и NAT).
⁠Обеспечение безопасности инфраструктуры и приложений с соблюдением стандартов PCI DSS.
Мониторинг производительности с использованием Prometheus и Grafana.
⁠Диагностика и устранение технических проблем в инфраструктуре и приложениях.
Мы ищем кандидата с:
Опыт работы DevOps инженером от 3 лет.
Глубокие знания Linux и опыт администрирования серверов.
Уверенные навыки работы с Docker, Kubernetes, Helm, Ansible, GitLab CI/CD.
⁠Опыт работы с базами данных, такими как PostgreSQL, MongoDB, Redis.
⁠Знание TCP/IP стека и опыт работы с сетевыми устройствами.
⁠Понимание принципов безопасности, опыт работы с nginx, haproxy и другими инструментами.
Знания в области мониторинга, логирования и оповещения (Prometheus, Grafana, OpenSearch, Logstash).
Опыт работы с Terraform, Ansible и другими инструментами Infrastructure as Code.
⁠Уверенные навыки в Bash и Python.
Знание английского на техническом уровне.
⁠Преимуществом будет опыт с Terraform, Wazuh, Keycloak, Kafka, Cloudflare и облачными платформами (AWS, GCP, Azure).
Что мы предлагаем:
⁠Достойный оклад и долю в акциях компании.
Дружный и профессиональный коллектив, который всегда поддержит вас.
Пятидневную рабочую неделю, восьмичасовой рабочий день и четыре недели отпуска в году.

Если вы готовы к новым вызовам и хотите стать частью успешной и амбициозной компании, отправляйте нам своё резюме! Мы ждем вашего отклика!

Не упустите шанс развиваться в ведущей компании в сфере онлайн-платежей!",3–6 лет,Полная занятость,График: 5/2,Рабочие часы: 8,Формат работы: на месте работодателя,14 мая 2025,https://hh.kz/vacancy/120524591,Не указано
Системный аналитик,ТОО KazGeoPro (КазГеоПро),Вакансия опубликована 14 мая 2025 в Астане,Не указано,"Обязанности:
Сбор и систематизация требований пользователей, проведение их анализа.
Разработка и документирование функциональных и технических спецификаций.
Проектирование API, интеграционных процессов между сервисами и внешними системами.
Создание моделей бизнес-процессов (UML, BPMN) и прототипов пользовательских интерфейсов.
Тесное взаимодействие с разработчиками, дизайнерами и тестировщиками для обеспечения качественной реализации проекта.
Участие в планировании, оценке трудозатрат и управлении изменениями в проекте.
Подготовка аналитических отчетов и предложений по оптимизации процессов.
Требования:
Высшее образование в области информационных технологий, системного анализа или смежных областях.
Опыт работы в роли системного аналитика от 2-х лет, предпочтительно в проектах по разработке веб-приложений, в частности ERP, СRM, BPMS.
Глубокое понимание жизненного цикла разработки программного обеспечения, методологий Agile/Scrum и традиционных моделей (Waterfall).
Опыт работы с инструментами моделирования бизнес-процессов (например, UML, BPMN) и прототипирования.
Знание принципов работы с различными типами баз данных и владение SQL.
Опыт работы с инструментами для сбора, анализа и описания требований (например, JIRA, Confluence).
Отличные коммуникативные навыки и способность работать в межфункциональной команде.
Владение английским языком на уровне, достаточном для чтения технической документации.

Желательные навыки:

Опыт работы с инструментами для управления проектами (JIRA, Confluence и т.п.).
Опыт работы с СAMUNDA.
Опыт работы с картографическими системами.
Опыт написания кода, в частности в стеке Java/Spring Framework/TypeScript/Angular.
Понимание основ DevOps и CI/CD процессов.
Навыки проведения пользовательского тестирования и анализа обратной связи.
Условия:
Оформление по ТК РК;
График работы: с 09:00 до 18:00;
Пятидневная рабочая неделя;
Современный офис на левом берегу;
Работа в офисе (не удаленка);
Дружный коллектив.",1–3 года,Полная занятость,График: 5/2,Рабочие часы: 8,Формат работы: на месте работодателя,14 мая 2025,https://hh.kz/vacancy/119504162,Не указано
GIS specialist/Photogrammetrist,Trace Air,Вакансия опубликована 14 мая 2025 в Астане,Не указано,"TraceAir is a construction SaaS startup that provides data analytics to construction teams to help them better manage their job sites. We currently work with top land developers, home builders, contractors, and engineers across the US and Canada. This is a great chance to work with a fast-growing Series B company.

The GIS team is processing photogrammetry data from Drones/lidars, processing and georeferencing construction drawings and surfaces, and filling the TraceAir platform with cartographic data.

Responsibilities

Processing of aerial photography data in Metashape software, data quality assessment;

Processing of Lidar data in Terrasolid software, data quality assessment;

Software knowledge

Experience in any photogrammetric and Lidar software (Photoscan, Pix4D, Photomod, Terrasolid etc);

Experience in AutoCAD software is appreciated;

Experience in any GIS (QGIS, ArcGIS, MapInfo etc) is appreciated.

Professional skills

— Knowledge of global and local coordinate systems;

— Experience working with spatial data in GIS;

— English language skills: written English is required, business correspondence; Spoken English is appreciated.

We offer

Working on interesting problems in a company that is changing the construction industry.
Cozy office in Yerevan, as well as the opportunity to work remotely.
The work schedule is Monday through Friday (there are occasional weekend shifts, but no more than once every 2-3 months).
Flexible working hours (we do not work to complete hours, but to complete tasks on time).
Online English language course.
Paid personal therapy session 1/week
Special bonuses for life’s big moments, like weddings and welcoming a new baby.
Company events

Other benefits may be offered based on your location.",3–6 лет,Полная занятость,График: 5/2,Рабочие часы: 8,Формат работы: удалённо,14 мая 2025,https://hh.kz/vacancy/120512000,Не указано
Системный аналитик,АО «ФИНАНСОВЫЙ ХОЛДИНГ «РЕСПУБЛИКА»,Вакансия опубликована 14 мая 2025 в Алматы,Не указано,"Чем предстоит заниматься:

Сбор, анализ и согласование бизнес-требований, подготовка функциональных спецификаций по автоматизации;

Описание и моделирование бизнес-процессов на основе BPMN, написание технических заданий;

Постановка задач для разработки;

Проверка задач после их реализации;

Разработка документации;

Аналитическое сопровождение разработки и тестирования.

Вы нам подходите, если имеете:

Высшее финансовое/ IT образование;
Опыт в роли ИТ аналитика не менее 2 лет;
Опыт управления проектами не менее 1 года;

Знание моделей SDLC и специфику их применения;

Навыки моделирования ER, UML диаграмм;

Навыки презентации и демонстрации результатов своей работы;

Навыки проектирования API;

Умение писать SQL запросы;

Аналитические способности и практические навыки;
Способность эффективной работы в условиях многозадачности;
Личные качества: нацеленность на результат, многозадачность, умение работать в команде.

Что мы предлагаем:

Официальное трудоустройство;
Конкурентная заработная плата, а за отличные результаты работы выплачивается денежная премия;
Ежегодная индексация заработных плат;
График работы 5/2;
Медицинская страховка;
Перспективы профессионального развития в сфере FinTech;
Быстрая обратная связь и минимум бюрократических процессов.

Ждем ваших откликов и будем рады видеть вас на собеседовании!",3–6 лет,Полная занятость,График: 5/2,Рабочие часы: 8,Формат работы: на месте работодателя,14 мая 2025,https://hh.kz/vacancy/120529579,"Бизнес-анализ,Анализ рынка,Моделирование бизнес процессов,Аналитика,Бизнес-моделирование,Проведение презентаций,Подготовка презентаций"
Junior Backend Developer (.NET),Andersen,Вакансия опубликована 14 мая 2025 в Алматы,Не указано,"The IT company Andersen invites an experienced Junior Backend Developer (.NET) to work on a project for our Bulgarian partner.

The customer is a next-generation tech company focused on providing products across all online gaming verticals: Sportsbook, Casino, and Lottery games, as well as the all-in-one iGaming platform. The company is focused on servicing operators in regulated markets, helping them achieve competitive advantage and supporting them with revolutionary tech innovations.

The project is an iGaming platform, an all-in-one solution designed to empower operators in regulated markets.

Technology stack: .NET, C# and .NET Core 7+ API, Entity Framework Core, REST, HTTP, Kafka, RabbitMQ, PostgreSQL, Reddis, Docker, Kibana, ElasticSearch.

Responsibilities:

Developing new functionalities for existing projects.
Supporting the already developed functionalities.
Actively participating in the development of new projects.
Collecting and analyzing information to develop alternative solutions.
Making code reviews of the other team members.
Introducing new people to the projects.
Writing technical documentation.

Must-haves:

Experience with .NET and C# for 1-2+ years.
Basic knowledge of .NET Core 7+.
Experience with microservises
Willingness to learn and work with messaging systems (Kafka, RabbitMQ).
Familiarity with Entity Framework Core and relational databases (e.g., PostgreSQL).
Understanding of REST APIs and HTTP protocols.
Basic knowledge of Docker and version control tools (e.g., Git).
Willingness to learn and work with messaging systems (Kafka, RabbitMQ).
Ability to write clean and maintainable code.
Eagerness to participate in code reviews and team discussions.
Level of English – from Intermediate+ and above.

Nice-to-haves:

Understanding of OOP principles; basic knowledge of SOLID and design patterns.
Degree or ongoing studies in Computer Science or related fields.
Familiarity with Kibana and ElasticSearch.
Experience working in a team environment or on group projects.

Reasons why this job would be interesting to you:

Experience in teamwork with leaders in FinTech, Healthcare, Retail, Telecom, and others. Andersen cooperates with such businesses as Samsung, Siemens, Johnson & Johnson, BNP Paribas, Ryanair, Mercedes, TUI, Verivox, Allianz, T-Systems, etc..
The opportunity to change the project and/or develop expertise in an interesting business domain.
Job conditions – you can work both fully remotely and from the office or can choose a hybrid variant.
Guarantee of professional, financial, and career growth! The company has introduced systems of mentoring and adaptation for each new employee.
The opportunity to earn up to an additional 1,000 EUR per month, depending on the level of expertise, which will be included in the annual bonus, by participating in the company's activities.
Access to the corporate training portal, where the entire knowledge base of the company is collected and which is constantly updated.
Bright corporate life (parties / pizza days / PlayStation / fruits / coffee / snacks / movies).
Certification compensation (AWS, PMP, etc).
Referral program.
English courses.
Private health insurance and compensation for sports activities.

Your personal data is protected in accordance with GDPR regulations. Learn more: https://andersenlab.com/privacy-policy

Join us!

https://people.andersenlab.com/",1–3 года,Полная занятость,График: 5/2,Рабочие часы: 8,Формат работы: удалённо,14 мая 2025,https://hh.kz/vacancy/120533394,".NET Core,C#,RabbitMQ,Apache Kafka,Entity Framework,Английский — B1 — Средний"
Аналитик по закупкам / Категорийный менеджер,ТОО Сеть магазинов цифровой и бытовой техники ДНС КАЗАХСТАН,Вакансия опубликована 14 мая 2025 в Астане,"от 300 000 до 380 000 ₸ за месяц, на руки","В товарном направление ""Компьютеры и периферия"" открыта вакансия на должность менеджера по закупкам / категорийного менеджера.

Задачи:

Формирование и управление ассортиментом.
Ценообразование и реализация ценовой стратегии.
Разработка и внедрение маркетинговых акций для стимулирования продаж.
Закупка и поддержание оптимального уровня товарных запасов.
Анализ ключевых экономических показателей и оптимизация издержек.
Мониторинг рынка и конкурентов.
Управление контрактами с поставщиками, переговоры по условиям сотрудничества.
Анализ ликвидности товаров и поддержание уровня оборачиваемости.
Оценка эффективности категорий и внесение предложений по их улучшению.

Требования:

Развитые аналитические способности и стратегическое мышление.
Знание Excel (ВПР, сводные таблицы) и опыт работы с аналитическими инструментами.
Ориентация на достижение целей и способность принимать решения в условиях неопределенности.
Грамотная устная и письменная речь.
Знание 1C, SQL, BI-систем будет преимуществом.
Опыт управления ассортиментом, ценообразованием и закупками так же будет преимуществом
Готовность к обучению и желанию расти и развиваться в компании.

Условия:

Мы предлагаем работу в одном из лидеров рынка цифровой и бытовой техники в России, где ценится стремление к росту и развитию. Вас ждут:

Официальное трудоустройство, белая зарплата с выплатой дважды в месяц.
Дружный коллектив, современные технологии и возможность карьерного роста.
Отсутствие строгого дресс-кода.

В сопроводительном письме укажите, каким из требований вы соответствуете.",не требуется,Полная занятость,График: 5/2,Рабочие часы: 8,Не указано,14 мая 2025,https://hh.kz/vacancy/120535353,"ABC-анализ,Ценообразование,Аналитические исследования,MS Excel,Контроль и анализ ценообразования,Анализ ассортиментной линейки,Конкурентная аналитика,Ассортиментная матрица,Планирование ассортимента,Планирование продаж,Прогнозирование,Категорийный менеджмент,Мониторинг цен,Анализ рынка,Исследования рынка,Аналитика продаж"
Бизнес-аналитик в Казначейство,АО Jusan Bank,Вакансия опубликована 14 мая 2025 в Алматы,Не указано,"Обязанности:

Оптимизации и автоматизации процессов Казначейства;
аналитики деятельности и прогнозирования расчетов;
осуществляет организацию и ведение в АБИС Банка карточек финансовых институтов;
осуществляет организацию и участие в разработке оптимальных тарифов для банков-контрагентов на основе анализа рынка и мониторинга тарифов других финансовых институтов;
анализ и выявление бизнес-проблем УФИ и Казначесйства.

Требования:

Образование: Высшее финансовое + информационные технологии;
опыт работы на аналогичной позиции 3 года и более;
знания английского языка, основы фондового и валютных рынков;
знания языка программирования Python, Power BI, умение писать макросы в Excel.

Условия:

Ежеквартальные премии;

корпоративные предложения по фитнесу;

корпоративные скидки на онлайн обучение в Skyeng для вас и ваших близких;

бесплатная подписка на онлайн библитеку «Альпина Паблишер»;

приятная рабочая атмосфера в современном офисе в деловой части города;

возможность строить карьеру в одном из крупнейших банков Казахстана.",3–6 лет,Полная занятость,График: 5/2,Рабочие часы: 8,Не указано,14 мая 2025,https://hh.kz/vacancy/120537345,"Финансовый анализ,Бизнес-анализ,Английский язык,Анализ бизнес-процессов,MS Excel,Python,Power BI,Казначейство"
Lead Business Analyst,BI Group,Вакансия опубликована 14 мая 2025 в Астане,Не указано,"Компания BI Innovations ищет опытного Lead BA Analyst, готового к новым вызовам и увлекательным задачам. Если вы обладаете глубокими знаниями в области бизнес-анализа и стремитесь развивать стратегические проекты, то эта позиция для вас! Присоединяйтесь к нашей команде профессионалов и внесите свой вклад в развитие инновационных решений.

Что нужно будет делать:
• Выстраивать процессы бизнес и системного анализа c артефактами;

• Проводить review детализированных требований и спецификаций для проектов;

• Управлять изменениями и оптимизацией процессов бизнес-анализа с использованием лучших практик, актуальных технологий и методов документирования требований;

• Обеспечить согласования бизнес-требований с техническими решениями на базе гибких методологий.

Какого сотрудника мы ищем:

Высшее образование в области IT, PM или смежных областях;
Наличие сертификации будет плюсом:
Certification of Capability in Business Analysis (CCBA);
PMI Professional in Business Analysis (PMI-PBA);
Agile Analysis Certification (AAC) (желательно);
Опыт работы на аналогичной должности не менее 3 лет;
Успешный опыт ведения нескольких IT-проектов одновременно;
Опыт внедрения требований и правил документирования с бизнесом и техническими командами;
Приоритизация/декомпозиция/оценка задач и слово BPMN при моделировании бизнес-процессов
Опыт управления командой аналитиков

Какие навыки и знания необходимы:
• Знание методов и техник документирования требований: варианты использования, UML, моделирование бизнес-процессов;
• Опыт работы с JIRA, Confluence и аналогичными инструментами;
• Глубокие знания жизненного цикла разработки ПО (SDLC) и гибких методологий управления проектами (Scrum, Agile, LESS, SAFe);
• Опыт работы с API-интеграциями, включая документирование и тестирование API, а также использование инструментов для работы с API;
• Знание архитектурных решений и методов проектирования программных систем;
• Уверенные знания в области работы с базами данных и SQL;
• Базовые навыки тестирования программного обеспечения;
• Навыки оценки и управления рисками.

Условия:

• Социальный пакет (фитнес, медицинское страхование, корпоративные мероприятия);

• Обучение и сертификация за счет компании;

• Оформление в соответствии с трудовым кодексом РК;

•Отпуск 24 календарных дня.",3–6 лет,Полная занятость,График: 5/2,Рабочие часы: 8,Не указано,14 мая 2025,https://hh.kz/vacancy/120516672,"Бизнес-анализ,Leadership Skills,UML,Scrum,Agile,Atlassian Jira,Atlassian Confluence,Business Analysis"
Маркетолог,ТОО Тамерлан Моторс,Вакансия опубликована 14 мая 2025 в Шымкенте,Не указано,"Обязанности:

Маркетинговые исследования, аналитика, прогнозирование;
Анализ и оценка рынка (емкость, тенденции, конкуренты, конкурентные преимущества и т.д.);
Планирование и проведение маркетинговых исследований: удовлетворенности пациентов; компаний-конкурентов; сегментация клиентской базы; глубинные интервью; AdHoc исследования; контент-анализ; мониторинг СМИ, и т.д. Внедрение инноваций на основе анализа данных маркетинговых исследований;
Развитие и управление маркетинговыми проектами, брендинг, продвижение;
Проведение работ по оптимизации ассортиментной и ценовой политики;
Формирование маркетингового бюджета, контроль затрат;
Организация контент-маркетинга, производство контента для всех каналов коммуникаций с целевыми аудиториями;
Организация развития, продвижения и технической поддержки Интернет-ресурсов и сервисов: веб-сайта;
Организация продвижения и управления репутацией Компании в социальных медиа (SMM и SERM);
Оценка эффективности рекламных и маркетинговых активностей.
Требования:
Опыт работы более от 3 лет на позиции менеджером по маркетингу и рекламе/ведущего менеджера по маркетингу и рекламе.
Профессиональное образование;
Знание современных и инновационных инструментов маркетинга, рекламы и PR, а также опыт успешного их применения;
Опыт анализа эффективности маркетинговой активности и ее оптимизация, умение определять перспективные и приоритетные направления развития;
Условия:
Оформление согласно ТК РК;
График работы: 5/2;
Высокий уровень дохода",1–3 года,Полная занятость,График: 5/2,Рабочие часы: 8,Не указано,14 мая 2025,https://hh.kz/vacancy/120519948,"Маркетинговые исследования,Маркетинговые коммуникации,Продвижение бренда,Планирование маркетинговых кампаний,B2B маркетинг"
Финансовый аналитик,ТОО Skill Hub,Вакансия опубликована 14 мая 2025 в Алматы,Не указано,"ОБЯЗАННОСТИ:

Работа с БВУ в части привлечения заемных средств, контроль операций с заемными средствами;
Сбор и презентация управленческих отчетов;
Составление и защита бюджетов;
Сбор и консолидация финансовой отчетности в соответствии с МСФО;
Анализ потоков денежных средств и их планирование;
Рассмотрение инвестиционных проектов;
Составление и анализ бизнес-планов
ТРЕБОВАНИЯ:
высшее экономическое образование
опыт работы приветствуется

УСЛОВИЯ:

пятидневка
оформление согласно ТК РК",1–3 года,Полная занятость,График: 5/2,Рабочие часы: 8,Не указано,14 мая 2025,https://hh.kz/vacancy/120529729,Не указано
Финансовый аналитик по капитальным и операционным затратам,ТОО JTI Kazakhstan,Вакансия опубликована 14 мая 2025 в Алматы,Не указано,"Работник в данной должности осуществляет планирование операционных и капитальных затрат работодателя совместно с руководителями подразделений, относящихся к Глобальной сети поставок по производству, контролирует фактические затраты и делает анализ отклонений по отношению к плановым показателям, контролирует распределение затрат на себестоимость продукции в соответствии со стандартами Международной финансовой отчётности (МСФО) и учётной политикой работодателя, готовит и предоставляет отчёты руководству, а также предоставляет информацию Финансовому департаменту JT International SA (г. Женева, Швейцария).

Обязанности:

Осуществлять контроль над фактическими затратами и готовить расчёты, а также формы для проводки корректирующих записей в программе SAP
Делать анализ отклонений от бюджета накладных и прочих расходов Подразделений, относящихся к Глобальной сети поставок по производству
Готовить прогноз по операционным расходам на ежемесячной основе
Осуществлять контроль и своевременное начисление, и сторнирование провизий по прочим и операционным затратам Подразделений, относящихся к Глобальной сети поставок по производству
Контролировать передвижение основных средств Подразделений, относящихся к Глобальной сети поставок по производству
Принимать участие в годовых инвентаризациях
Контролировать внесение данных «Capex» и «Capex Opex related» в программу SAP EAM на предмет соответствия плановым данным
Производить расчёт амортизации в период простоя и вносить корректировки в программу SAP
Выполнять иные задания непосредственного и вышестоящих руководителей.

Требования:

Высшее экономическое или финансовое образование
Стаж работы в аналогичной должности не менее 1-го года
Знание методов учета затрат и формирования себестоимости
Знание и применение методов экономического/финансового анализа
Понимание процедур в системе SAP
Свободное владение государственным и русским языками. Владение английским языком на уровне не ниже Intermediate
Владение программами Microsoft (Word, Excel) на продвинутом уровне
Знание основ этики и правил делового общения.

Условия:

Гибкий график работы
Конкурентная заработная плата
Комплексное медицинское страхование
Страхование жизни
Профессиональные тренинги и семинары.",1–3 года,Полная занятость,График: 5/2,Рабочие часы: 8,Формат работы: гибрид,14 мая 2025,https://hh.kz/vacancy/120529173,Английский — B1 — Средний
"Стажер в отдел финансового планирования, контроля и анализа",АО Kcell,Вакансия опубликована 14 мая 2025 в Алматы,Не указано,"Мы рады объявить о старте нашей летней оплачиваемой стажировки Kcell Summer Camp! Это уникальная возможность пройдет в июне-августе 2025 года.

Чем тебе предстоит заниматься:

Участие в сборе и консолидации данных для составления бюджета и прогнозов.
Подготовка вспомогательных таблиц, графиков и презентаций.
Проведение базового анализа отклонений факта от бюджета/прогноза.
Сравнение затрат и выявление неэффективности.
Сбор информации от других отделов.

Наш идеальный кандидат:

Ты также обучаешься на 3-4 курсе
Ты хорошо знаешь Excel (формулы, сводные таблицы, графики).
Имеешь базовые навыки работы с PowerPoint.
Знаешь основы финансового анализа и бюджетирования.
Приветствуется знание Power BI и SAP.
Владение английским языком на уровне не ниже Intermediate будет плюсом.

Что мы предлагаем взамен:

Три месяца, которые изменят твою карьеру (июнь - август);
Гибридный график работы;
Удобный современный офис: Тимирязева 2Г;
Ежемесячная оплата: 85 000 тенге (GROSS);
Возможность дальнейшего трудоустройства после успешного прохождения стажировки;
Работа над значимыми проектами с опытными профессионалами;
Пространство для творчества и инноваций.

Не упусти свой идеальный шанс!

Откликайся на вакансию и, возможно, именно ты станешь частью нашей команды после успешной стажировки!",не требуется,"Полная занятость
Стажировка",График: 5/2,Рабочие часы: 8,Формат работы: гибрид,14 мая 2025,https://hh.kz/vacancy/120531038,Не указано
Мобилограф,ИП Sanber Agency,Вакансия опубликована 14 мая 2025 в Астане,Не указано,"Sanber Agency — маркетинговое агентство, которое помогает брендам расти через стратегию, контент, аналитику и системный подход.
Мы ищем Мобилографа, который не просто исполнитель, а любит снимать. Хочет расти, быть частью команды и работать с контентом, которым можно гордиться.

Что мы предлагаем?
Команду, где ты не один
Ты работаешь вместе с SMM-специалистом, дизайнером, руководителем.
Мы всегда рядом, чтобы направить, помочь и подхватить идею.

Понятные задачи, а не хаос
Ты получаешь чёткое ТЗ, продуманные сценарии, подборки референсов.
Не нужно выдумывать на ходу — ты сосредоточен на съёмке и качестве.

Твоё мнение имеет вес
Видишь, как снять лучше — говори.
Мы ценим инициативу и креатив, у нас не просто “делай как сказали”.

Проекты, которыми можно гордиться
Ты снимаешь для известных брендов, международных компаний и бизнесов.
Это сильное портфолио, опыт и чувство — “я делаю круто”.

Гибкий и удобный график работы
Мы не следим, сколько ты сидишь на стуле — нам важен результат.
Гибкий график, работа на съёмках и на монтаже, без привязки к офису.

Обучение и рост в компании
Обучение внутри команды — мы делимся знаниями, опытом и растем вместе.

Чем ты будешь заниматься:
• Снимать контент для Instagram, TikTok, Shorts
• Работать в паре с SMM и креативной командой
• Участвовать в обсуждениях контента
• Монтировать — быстро, чисто, со вкусом и ритмом
• Доводить съёмки до классного результата

Что нам важно:
• Наличие телефона последних Pro-версий
• Чувство кадра, трендов, света, композиции
• Уверенное владение мобильным монтажом
• Насмотренность, вкус, креативность
• Грамотность в тексте и речи (для субтитров и сторителлинга)
• Наличие стабилизатора, света, микрофонов — будет плюсом",1–3 года,Полная занятость,График: 5/2,Рабочие часы: 8,Формат работы: удалённо,14 мая 2025,https://hh.kz/vacancy/120532739,Не указано
"Senior Java Developer, AWS",COMTEK Inc.,Вакансия опубликована 14 мая 2025 в Алматы,Не указано,"Подбираем команду для крупной американской компании - мирового лидера в производстве спецтехники, промышленных машин и оборудования с 1886 года.

Лидера, потому что машины компании высокотехнологичны, надежны и экономичны. Каждая машина имеет сотни датчиков. 30 миллионов машин компании в мире передают петабайты данных. Все эти данные неоценимы для клиентов - быстрого и эффективного управления бизнесом и команда создает инновационную платформу для осуществления прогнозной аналитики.

Вы будете работать в этом проекте в составе команды выдающихся разработчиков. Создадите платформу с нуля. Вы напишете базовый движок, который поддерживает персонализированные информационные панели. Ваши API-интерфейсы позволят пользователям просматривать оповещения, рекомендации и рабочие задания. Пользователи могут вернуться на несколько лет назад, чтобы увидеть историю машины. Вы будете писать запросы и алгоритмы, обрабатывающие терабайты данных. Масштаб и размер данных и потоков не имеют себе равных. Вы будете решать все задачи, которые только можно придумать в информатике, от алгоритмов до динамически оптимизированных запросов.

Мы ожидаем, что у вас есть опыт:

- 5+ лет коммерческой разработки на Java: Microservices, Springboot;

- опыт с инфраструктурой AWS, развертывания и обслуживания программного обеспечения в публичных облаках;

- солидные знания основ информатики, структур данных и алгоритмов;

- письменный уровень английского языка, достаточный для работы в интернациональной команде (В1+);

В проекте вы сможете поработать с:

- технологиями потоковой передачи данных (это будет технология, аналогичная Spark Streaming, Flink и / или Akka, Kinesis, Kafka и т. д.);

- задачами с Restful API, написанием прокси API на платформах Apigee Edge, AWS APIGateway или Azure API Gateway, инструментами Swagger, Postman и Assertible;

- разработкой программных приложений с использованием реляционных баз данных и баз данных Nosql;

- всем многообразием инфраструктуры Amazon;

- работать в командах экспертных разработчиков, разделяющих принципы Agile/Scrum методологии;

Мы предлагаем:

- удаленная работа

- гибкий график, комфортный work&life balance;

- налаженные процессы, здоровая дружелюбная атмосфера;
- высокий уровень заработной платы в валюте",более 6 лет,Полная занятость,График: 5/2,Рабочие часы: 8,Формат работы: удалённо,14 мая 2025,https://hh.kz/vacancy/120524206,"Java,AWS,Amazon Web Services,Английский — B2 — Средне-продвинутый"
ML Engineer,"GuardinAI, Inc",Вакансия опубликована 14 мая 2025 в Алматы,Не указано,"We are seeking a highly motivated and skilled Machine Learning Engineer to join our team

focused on training and deploying machine learning models and fine-tuning large language

models (LLMs). This role will be central to developing efficient, scalable, and domain-specific

ML/LLM solutions that power our AI products.

Responsibilities:

• Design, implement, and optimize training pipelines for small-scale machine learning models

(e.g., decision trees, gradient boosting, small neural nets, CNN).

• Fine-tune large pre-trained language models (e.g., LLaMA, Mistral, Qwen, GPT) for specific

tasks using supervised learning.

• Conduct dataset preparation, preprocessing, and augmentation for both small and large

models.

• Perform hyperparameter tuning and model evaluation using appropriate metrics.

• Monitor and optimize model performance, inference speed, and memory footprint.

• Contribute to internal tools and libraries that streamline ML experimentation and deployment.

Requirements:

• Strong programming skills in Python and experience with ML frameworks like PyTorch,

HuggingFace Transformers, or scikit-learn.

• Experience in training and fine-tuning large language models using modern toolkits (e.g.,

PEFT, DeepSpeed, FSDP).

• Familiarity with distributed training, mixed-precision training, and checkpoint management.

• Solid understanding of ML fundamentals, including model selection, training/validation

workflows, and performance evaluation.

• Hands-on experience with data handling, feature engineering, and synthetic data generation.

• Working knowledge of experiment tracking tools (Weights & Biases).

• Familiarity with cloud environments (AWS, GCP, Azure) or on-premise GPU clusters.

• Strong problem-solving skills and ability to work independently in a fast-paced environment.

Nice to Have:

• Experience with retrieval-augmented generation (RAG), prompt tuning, or instruction tuning.

• Exposure to quantization and model compression techniques.• Experience with deploying ML models using APIs or serving frameworks (e.g., FastAPI, Triton

Inference Server).",3–6 лет,"Полная занятость
Возможно временное оформление",График: 5/2,Рабочие часы: 7,Формат работы: гибрид,14 мая 2025,https://hh.kz/vacancy/120522631,Не указано
Backend-разработчик (Python),NEU LTD (RE/MAX Kazakhstan),Вакансия опубликована 14 мая 2025 в Алматы,Не указано,"Мы команда, создающая AI-решения для автоматизации бизнес-процессов. Наш первый продукт - рекрутер на основе искусственного интеллекта. Наша миссия - делать технологии доступными и полезными для бизнеса, автоматизировать рутинные задачи и эффективно управлять процессами с помощью AI.

Чем предстоит заниматься:

Разрабатывать и поддерживать backend-логику платформы на FastAPI.
Интегрировать и взаимодействовать с внешними API (WhatsApp Business API, OpenAI API, Headhunter API)
Работать с базами данных PostgreSQL и MongoDB (оптимизация запросов, проектирование схем данных)
Организовывать асинхронную обработку задач с помощью Celery и Redis
Писать unit и интеграционные тесты (pytest, httpx)
Поддерживать и развивать микросервисную архитектуру проекта
Настраивать и сопровождать процессы CI/CD

Что мы ожидаем от кандидата:

Опыт коммерческой разработки на Python от 2-х лет
Знание и опыт работы с FastAPI, понимание принципов REST API
Практический опыт интеграции сторонних сервисов и API
Уверенное владение SQL
Опыт работы с Celery, Redis
Умение писать чистый, поддерживаемый и тестируемый код
Опыт написания unit и интеграционных тестов с использованием pytest и httpx
Понимание принципов микросервисной архитектуры
Навыки работы с CI/CD инструментами (GitLab CI, GitHub Actions)
Ответственность, инициативность, желание развиваться и учиться новому

Будет плюсом:

Знание основных принципов и инструментов DevOps

Приветствуется наличие pet-проектов, GitHub или примеров реализованных решений

Условия работы: Почему стоит работать с нами?

Видишь результат своей работы: твоя работа реально влияет на продукт и пользователей
Работаешь с новыми технологиями и AI: мы открыты к экспериментам
Никакой бюрократии: только честные и понятные процессы
Растешь вместе с проектом: развивайся как специалист
Работаешь в комфортной атмосфере с адекватной командой
Уровень зарплаты обсуждаем индивидуально: зависит от твоего опыта и вклада",1–3 года,Полная занятость,График: 5/2,Рабочие часы: 8,Формат работы: на месте работодателя,14 мая 2025,https://hh.kz/vacancy/120512718,"Python,SQL,FastAPI,Оптимизация кода,Рефакторинг кода,Celery,Redis,Русский — C2 — В совершенстве,Английский — B1 — Средний"
Помощник/ассистент руководителя,ИП Credit Consult Group,Вакансия опубликована 14 мая 2025 в Алматы,Не указано,"Мы — «Credit Consult Group», команда экспертов, с 2020 года помогаем малым и средним бизнесам получать доступ к выгодному кредитованию. Мы предоставляем полный спектр услуг по сбору, проверке и подготовке документов для оформления залоговых и беззалоговых кредитов для бизнеса по низким ставкам. Наши клиенты: ИП, ТОО, крестьянские хозяйства и др. представители B2B-сегмента.
Наша миссия: помочь как можно большему числу предпринимателей и бизнесменов развить свое дело, чтобы создавать новые рабочие места и вносить свой вклад в развитие экономики страны. Мы верим, что каждое успешное дело — это шаг к более стабильному и процветающему завтра. Мы уже помогли получить бизнесам кредитов на сумму более 8 миллиардов тенге.

В сферу наших услуг входит оформление всей первичной документации: справок о налоговой задолженности, справок об обременениях, составления бизнес-планов, финансового анализа и др.

Наша гордость — молодой, дружный и амбициозный коллектив, который не боится сложных задач и всегда идет навстречу новым вызовам. Мы ценим не только профессионализм, но и человеческие отношения. У нас нет бюрократии и стагнации — только дружеская атмосфера и общая цель сделать мир бизнеса лучше.
В связи с ростом ищем в команду ассистента, готового стать частью нашей команды.

Основной функционал:

Встреча клиентов в офисе (чай, кофе)

Организация и протоколирование встреч Zoom

Выполнение личных поручений

Закуп товара в офис

Подача объявлений вакансий, первичные собеседования, назначение встреч с руководством

Контроль подрядчиков, поиск мастеров на мелкие работы при необходимости

Предоставление информации для отдела маркетинга по запросу

Вести таблицу учета ДДС — для директоров

Работа в АМОсрм

Отправка документов бухгалтеру на оплату

Контроль ежемесячных оплат сервисов и и.д.

Что важно в кандидате:

Знание русского и казахского языков;

Грамотная устная и письменная речь, владение Word и Excel;

Навыки деловой коммуникации на высоком уровне (интеллигентность, уважение к клиентам).

Условия работы:

График работы: 5/2 с 10:00ч до 18:00ч;

ЗП 150 000 тенге;

Есть возможность карьерного роста до финансового консультанта;

Официальное устройство по ТК РК, пенсионные отчисления;

Дружный коллектив и уютный офис.

Для прохождения на вакансию нужно:

Пройти первичное собеседование по телефону

Пройти итоговое собеседование с генеральным директором.

До встречи в нашей команде!",не требуется,"Полная занятость
Возможно временное оформление",График: 5/2,Рабочие часы: 8,Формат работы: на месте работодателя,14 мая 2025,https://hh.kz/vacancy/120522692,Не указано
Project Manager,ТОО Butterfly Effect,Вакансия опубликована 14 мая 2025 в Астане,Не указано,"IT-компания 7Generation GROUP ищет сотрудника, который готов стать частью дружной команды.

Обязанности:

Управление полным циклом разработки программного продукта;
Координация работы команды: разработка, тестирование, аналитика, DevOps;
Организация Agile-процессов (Scrum): планирование, ежедневные стендапы, ретроспективы;
Ведение задач и контроль сроков в системе управления проектами;
Взаимодействие с внутренними и внешними стейкхолдерами;
Подготовка отчетности, управление рисками и изменение планов при необходимости.
Требования:
Опыт управления IT-проектами: от 6 лет, с опытом работы управления проектами в разработке программных продуктов, желателен опыт интеграций с информационными системами государственных органов;
Управление командой и проектами: навыки планирования, постановки задач, контроля сроков и работы с межфункциональными командами (разработчики, аналитики, дизайнеры);
Навыки разработки требований и технической документации: формирование ТЗ, пользовательских историй, сценариев тестирования.
Условия:
Английский и Казахский языки: бесплатно и удобно, прямо внутри компании;
Заботимся о форме и здоровье: компенсируем фитнес и медицинские услуги;
Мы за активный отдых: футбол, баскетбол, яркие летний и зимний корпоративы;
Корпоративная библиотека для поиска идей и решения рабочих задач;
Настольный теннис в офисе для коротких перерывов и заряда энергией.",более 6 лет,Полная занятость,График: 5/2,Рабочие часы: 8,Не указано,14 мая 2025,https://hh.kz/vacancy/120518320,Не указано
SMM специалист / Project manager,ИП Sanber Agency,Вакансия опубликована 14 мая 2025 в Астане,Не указано,"Sanber Agency — маркетинговое агентство, которое помогает брендам расти через стратегию, контент, аналитику и системный подход.
Мы ищем SMM специалиста / Project менеджера, который умеет не просто вести аккаунты, а управлять проектами, влиять на визуал и видеть общую картину.

Кому подойдёт эта роль:
Если ты уже работал в SMM и хочешь перейти на уровень выше — работать с крутыми проектами, не просто создавать контент, а рулить проектом, командой и результатом — это твой шанс.

Ты будешь выстраивать стратегию, управлять командой и вести проект от идеи до реализации.

Задачи:
• Создавать стратегии и реализовывать их на практике
• Курировать контент-план, писать тексты, следить за визуалом
• Организовывать съёмки, выдавать ТЗ дизайнеру, мобилографу, видеографу
• Контролировать ход проекта и вносить предложения по улучшению
• Поддерживать коммуникацию с клиентами и командой
• Анализ эффективности: метрики, выводы, точки роста

Что важно:
• Опыт в маркетинге от 1 года
• Умение видеть проект целиком, брать на себя ответственность
• Навыки командной работы и управления процессом
• Знание базовых инструментов: Figma, Canva, Google Таблицы, таск-трекеры
• Понимание ключевых метрик, трендов и визуала

Что предлагаем:
• Возможность вырасти в стратега и управленца
• Удаленный график работы
• Работа с локальными и международными брендами
• Команда, в которой ценят инициативность, ясность и здоровую амбициозность
• Портфолио с реальными, сильными кейсами
• Обучение внутри команды — мы делимся знаниями, опытом и растем вместе",1–3 года,Полная занятость,График: 5/2,Рабочие часы: 8,Формат работы: удалённо,14 мая 2025,https://hh.kz/vacancy/120532081,"SMM,SMM-стратегия,Анализ целевой аудитории,Продвижение бренда,Разработка контент-плана,SWOT-анализ,Управление командой"
Аналитик продаж,ИП MEIR DESIGN,Вакансия опубликована 14 мая 2025 в Алматы,Не указано,"Присоединяйся к нашей команде аналитиков!

Мы ищем профессионала, который поможет нам анализировать данные, строить прогнозы и разрабатывать стратегии для достижения новых вершин в продажах.

Что ты будешь делать:

Собирать и анализировать данные по продажам, выявлять тренды и закономерности
Прогнозировать объемы продаж и предсказывать рыночные изменения
Разрабатывать и оптимизировать стратегии продаж, включая ценообразование
Создавать отчетность и визуализировать данные с помощью дашбордов и презентаций
Проводить мониторинг рынка и готовить подробные аналитические отчеты

Наши ожидания:

Отличные навыки работы с MS Excel (Power BI – будет плюсом!)
Умение работать с большими объемами информации и выявлять важные данные
Понимание принципов аналитической отчетности и структурированного представления информации
Точность, внимательность и аналитический склад ума

Мы предлагаем:

Конкурентоспособный оклад + бонусы по KPI (обсуждается на собеседовании)
Материальная помощь
Бесплатные вкусные обеды, кофе и сладости ☕️
Современный офис в центре города (Макатаева-Байтурсынова), уютная рабочая атмосфера
Активная корпоративная жизнь, тренинги и возможности для карьерного роста

Почему с нами? Ты будешь работать в команде профессионалов, где твои идеи и аналитические решения реально влияют на бизнес-процессы. Плюс у нас всегда есть место для твоего развития!

Если ты готов к новым вызовам и хочешь стать частью успешной команды — откликайся прямо сейчас!",3–6 лет,Полная занятость,График: 5/2,Рабочие часы: 8,Формат работы: на месте работодателя,14 мая 2025,https://hh.kz/vacancy/120535891,Не указано
"Senior Back-end Developer (PHP, Symfony)",Tando Financial a.s.,Вакансия опубликована 14 мая 2025 в Астане,Не указано,"Our company is part of a large Fintech holding, a leader in lending, debt collection, and marketing in the Czech Republic, Ukraine, Spain, and Romania. We are seeking an experienced Senior PHP Software Developer to create innovative services that meet high standards of quality and reliability. Operating under a Czech National Bank license, we have provided international market services for over 10 years.

Key Requirements

5+ years of software development experience, with a focus on PHP and modern ecosystem technologies.
Symfony: Expertise in building and maintaining complex applications.
Architectural Solutions: Design and development of sophisticated systems using SOLID principles and modern architectural patterns.
Databases: Proficiency with relational (MySQL, PostgreSQL) and non-relational databases; query optimization and data structure design.
Queues (RabbitMQ, Kafka, etc.): Configuration and optimization.
REST API & Microservices: Development and integration of APIs for frontend interfaces and external systems.

Core Skills & Knowledge

SOLID, OOP: Deep understanding and practical application.
Design Patterns: Mastery of architectural patterns to enhance efficiency and system resilience.
REST API & Integrations: API development and integration with internal/external services.
Testing: Experience writing unit and integration tests.
Agile: Familiarity with Scrum or Kanban methodologies.

Skills & Tech Stack PHP 8.1*, Symfony 6*, architectural design, SOLID, databases (MySQL, PostgreSQL), queues (RabbitMQ, Kafka), REST API, microservices, OOP, design patterns, testing (unit, integration), Agile, Scrum, Kanban, Vue.js 3, TypeScript, Redis, APM, CI/CD, DevOps, Laravel, Yii

Will be a plus

Practical experience with Vue.js for UI development.
TypeScript knowledge and implementation.
Familiarity with Redis or other caching systems.
Experience with APM tools and logging for production performance monitoring.
CI/CD & DevOps: Automation of deployment processes and DevOps practices.
Skills in Laravel/Yii frameworks, plus optimization of legacy services.

Personal Qualities

Proactivity and ability to work independently.
Commitment to code quality, readability, and maintainability.
Adaptability to a fast-paced, dynamic environment with accountability for deliverables.

We Offer

A role in an international Fintech company with growth opportunities.
Modern tools and influence over architectural decisions.
Professional development support.
Competitive salary (discussed during the interview, based on qualifications).

Ready to join? Send your CV, and let’s explore the possibilities!",более 6 лет,Полная занятость,График: 5/2,Рабочие часы: 8,Формат работы: удалённо,14 мая 2025,https://hh.kz/vacancy/120523505,"PHP,Symfony,Redis,RabbitMQ,Микросервисная архитектура,SOLID,ООП,DDD,Русский — C2 — В совершенстве,Английский — B1 — Средний"
"Старший инженер по планированию и оптимизации метро сети, г. Алматы",АО Kcell,Вакансия опубликована 14 мая 2025 в Алматы,Не указано,"Обязанности:
Планирование новых сайтов РРЛ
Своевременное предоставление данных для запуска новых, репланированных БС. 234г
Контроль и своевременное реагирование на аварии в кластере по ТР
Контроль проектов по спутниковым сайтам, плюс переключение оставшихся
Своевременное предоставление ответов на запросы от ЦА.
Планируемый свап роутеров IPBB в регионах (~120 шт.)
Полное содействие подрядчику в момент работ по переключению замене железа на новые линейки ML66XX.
Открытие ревизионных работ по ТР.
Запрос TSD на новые, существующие пролёты.
Анализ и предоставление данных по FIX (возможные выезды).
Анализ и запрос на расширение VPN каналов (регионы).
Запрос ТУ у КЗТ, КТР на подвес РРЛ, подготовка АВТУ.
Учёт оптических данных ВОЛС
Полная ревизия и актуализация оптических линий
Переезд оптических сайтов
Организация тёмных пар, соединений во ВОЛС (Интерконнект, тёмные пары)
Подключение новых стыков, линков (ВОЛС-РРЛ)
Планирование новых линий ВОЛС
Требования:

Высшее техническое. Специализация: радиотехника, телекоммуникации, связь, IT. Стаж работы:
Не менее 3 лет в области телекоммуникаций и связи",1–3 года,Полная занятость,График: 5/2,Рабочие часы: 8,Не указано,14 мая 2025,https://hh.kz/vacancy/120529717,"L2 VPN,ВОЛС,ML66XX.,MS PowerPoint,Linux,TSD,РРЛ,L3 VPN,VPN"
"Старший аналитик, департамент аналитики",АО Jusan Bank,Вакансия опубликована 14 мая 2025 в Алматы,Не указано,"Обязанности:

Подготовка экономических исследований, экономико-финансовых расчетов и иных информационно-аналитических материалов;
Прогнозирование основных макроэкономических показателей, разработка и поддержание работы эконометрических моделей;
Подготовка аналитических комментариев и расчетов на запросы руководства и структурных подразделений банка;
Проведение глубокого анализа данных, поиск инсайтов, визуализация результатов в оптимальной для восприятия форме;
Взаимодействие с другими подразделениями для понимания потребностей и разработки аналитических решений для поддержки бизнес-целей Банка.

Требования:

Высшее образование (экономика/финансы/математика/статистика);
ОБЯЗАТЕЛЬНЫ знания экономической теории, опыт построения эконометрических моделей и макро-прогнозирования (продвинутые знания статистики и теории вероятности);
Глубокие навыки анализа данных. Владение на уровне опытного пользователя статистическими программами и платформами, MS Office;
Развитые навыки структурированно излагать свои мысли, формулировать выводы (устно и письменно);
Высокая организованность с исключительным вниманием к деталям и доведению проектов до конца с непоколебимым стремлением к совершенству;
Способность легко адаптироваться в быстро меняющейся среде, самостоятельно анализировать, оценивать и формировать независимые суждения.

Условия:

Ежеквартальные премии;
Корпоративные предложения по фитнесу;
Корпоративные скидки на онлайн обучение в Skyeng для вас и ваших близких;
Бесплатная подписка на онлайн библитеку «Альпина Паблишер»;
Приятная рабочая атмосфера в современном офисе в деловой части города;
Возможность строить карьеру в одном из крупнейших банков Казахстана.",3–6 лет,Полная занятость,График: 5/2,Рабочие часы: 8,Не указано,14 мая 2025,https://hh.kz/vacancy/120518835,Не указано
"Персональный менеджер, г.Тараз",АО Микрофинансовая организация KMF(КМФ),Вакансия опубликована 14 мая 2025 в Таразе,Не указано,"Что делать?
• Консультировать клиентов на всех этапах сотрудничества;
• Вести и увеличивать клиентскую базу;
• Проводить финансовый анализ бизнеса клиентов.




В помощь прилагается:
• Планшеты;
• Брендированная экипировка;
• Оплачиваемая сотовая связь.




Если у вас:
• Высшее или средне-специальное образование;
• Навыки пользователя ПК;
• Желание быть лучше каждый день.",не требуется,Не указано,Не указано,Не указано,Не указано,14 мая 2025,https://hh.kz/vacancy/120528825,Не указано
